[
    {
        "service_id": 1,
        "name": "Seguidores Latinos Premium",
        "cost_price": 33500,
        "price_cop": 67000
    },
    {
        "service_id": 2,
        "name": "Vistas TikTok",
        "cost_price": 800,
        "price_cop": 1760
    },
    {
        "service_id": 3,
        "name": "Likes Instagram",
        "cost_price": 1500,
        "price_cop": 3300
    },
    {
        "service_id": 4,
        "name": "Seguidores TikTok",
        "cost_price": 2500,
        "price_cop": 5500
    },
    {
        "service_id": 5,
        "name": "Vistas YouTube",
        "cost_price": 1000,
        "price_cop": 2200
    }
]